{"cameraMode":{"drawMode":0,"name":"Shaded","section":"Shading Mode"},"sceneLighting":true,"audioPlay":false,"sceneViewState":{"m_AlwaysRefresh":false,"showFog":true,"showSkybox":true,"showFlares":true,"showImageEffects":true,"showParticleSystems":true,"showVisualEffectGraphs":true,"m_FxEnabled":true},"in2DMode":false,"pivot":{"x":-0.00014978647232055664,"y":0.860621452331543,"z":1.135964274406433},"rotation":{"x":-0.2588355541229248,"y":0.4953632354736328,"z":-0.1574796438217163,"w":-0.8141598105430603},"size":3.350842237472534,"orthographic":false}